[{
	"name": "Nangroe Aceh Darussalam",
	"cities": [
		{ "name": "Kabupaten Aceh Barat" },
		{ "name": "Kabupaten Aceh Barat Daya" }, 
		{ "name": "Kabupaten Aceh Besar" }, 
		{ "name": "Kabupaten Aceh Jaya" }, 
		{ "name": "Kabupaten Aceh Selatan" }, 
		{ "name": "Kabupaten Aceh Singkil" }, 
		{ "name": "Kabupaten Aceh Tamiang" }, 
		{ "name": "Kabupaten Aceh Tengah" }, 
		{ "name": "Kabupaten Aceh Tenggara" },
		{ "name": "Kabupaten Aceh Timur" }, 
		{ "name": "Kabupaten Aceh Utara" },
		{ "name": "Kabupaten Bener Meriah" },
		{ "name": "Kabupaten Bireuen" },
		{ "name": "Kabupaten Gayo Lues" },
		{ "name": "Kabupaten Nagan Raya" },
		{ "name": "Kabupaten Pidie" }, 
		{ "name": "Kabupaten Pidie Jaya" }, 
		{ "name": "Kabupaten Simeulue" }, 
		{ "name": "Kota Banda Aceh" }, 
		{ "name": "Kota Langsa" }, 
		{ "name": "Kota Lhokseumawe" }, 
		{ "name": "Kota Sabang" }, 
		{ "name": "Kota Subulussalam" }
	] 
},
{
	"name": "Sumatera Utara",
	"cities": [
		{ "name": "Kabupaten Asahan" },
		{ "name": "Kabupaten Batubara" },
		{ "name": "Kabupaten Dairi" },
		{ "name": "Kabupaten Deli Serdang" },
		{ "name": "Kabupaten Humbang Hasundutan" },
		{ "name": "Kabupaten Karo" },
		{ "name": "Kabupaten Labuhanbatu" },
		{ "name": "Kabupaten Labuhanbatu Selatan" },
		{ "name": "Kabupaten Labuhanbatu Utara" },
		{ "name": "Kabupaten Langkat" },
		{ "name": "Kabupaten Mandailing Natal" },
		{ "name": "Kabupaten Nias" },
		{ "name": "Kabupaten Nias Barat" },
		{ "name": "Kabupaten Nias Selatan" },
		{ "name": "Kabupaten Nias Utara" },
		{ "name": "Kabupaten Padang Lawas" },
		{ "name": "Kabupaten Padang Lawas Utara" },
		{ "name": "Kabupaten Pakpak Bharat" },
		{ "name": "Kabupaten Samosir" },
		{ "name": "Kabupaten Serdang Bedagai" },
		{ "name": "Kabupaten Simalungun" },
		{ "name": "Kabupaten Tapanuli Selatan" },
		{ "name": "Kabupaten Tapanuli Tengah" },
		{ "name": "Kabupaten Tapanuli Utara" },
		{ "name": "Kabupaten Toba Samosir" },
		{ "name": "Kota Binjai" },
		{ "name": "Kota Gunungsitoli" },
		{ "name": "Kota Medan" },
		{ "name": "Kota Padangsidempuan" },
		{ "name": "Kota Pematangsiantar" },
		{ "name": "Kota Sibolga" },
		{ "name": "Kota Tanjungbalai" },
		{ "name": "Kota Medan" },
		{ "name": "Kota Tebing Tinggi" }
	]
},
{
	"name": "Bengkulu",
	"cities": [
		{ "name": "Bengkulu Selatan" },
		{ "name": "Bengkulu Tengah" },
		{ "name": "Bengkulu Utara" },
		{ "name": "Kabupaten Kaur" },
		{ "name": "Kabupaten Kepahiang" },
		{ "name": "Kabupaten Lebong" },
		{ "name": "Kabupaten Mukomuko" },
		{ "name": "Kabupaten Rejang Lebong" },
		{ "name": "Kabupaten Seluma" },
		{ "name": "Kota Bengkulu" }
	]
},
{
	"name": "Jambi",
	"cities": [
		{ "name": "Kabupaten Bungo" },
		{ "name": "Kabupaten Batanghari" },
		{ "name": "Kabupaten Kerinci" },
		{ "name": "Kabupaten Merangin" },
		{ "name": "Kabupaten Muaro Jambi" },
		{ "name": "Kabupaten Sarolangun" },
		{ "name": "Kabupaten Tanjung Jabung Barat" },
		{ "name": "Kabupaten Tanjung Jabung Timur" },
		{ "name": "Kabupaten Tebo" },
		{ "name": "Kota Jambi" },
		{ "name": "Kota Sungai Penuh" }
	]
},
{
	"name": "Riau",
	"cities": [
		{ "name": "Kabupaten Bengkalis" },
		{ "name": "Kabupaten Indragiri Hilir" },
		{ "name": "Kabupaten Indragiri Hulu" },
		{ "name": "Kabupaten Kampar" },
		{ "name": "Kabupaten Kuantan Singingi" },
		{ "name": "Kabupaten Pelalawan" },
		{ "name": "Kabupaten Rokan Hilir" },
		{ "name": "Kabupaten Rokan Hulu" },
		{ "name": "Kabupaten Siak" },
		{ "name": "Kabupaten Kepulauan Meranti" },
		{ "name": "Kota Dumai" },
		{ "name": "Kota Pekanbaru" }
	]
},
{
	"name": "Sumatera Barat",
	"cities": [
		{ "name": "Kabupaten Agam" },
		{ "name": "Kabupaten Dharmasraya" },
		{ "name": "Kabupaten Kepulauan Mentawai" },
		{ "name": "Kabupaten Lima Puluh Kota" },
		{ "name": "Kabupaten Padang Pariaman" },
		{ "name": "Kabupaten Pasaman" },
		{ "name": "Kabupaten Pasaman Barat" },
		{ "name": "Kabupaten Pesisir Selatan" },
		{ "name": "Kabupaten Sijunjung" },
		{ "name": "Kabupaten Solok" },
		{ "name": "Kabupaten Solok Selatan" },
		{ "name": "Kabupaten Tanah Datar" },
		{ "name": "Kota Bukittinggi" },
		{ "name": "Kota Padang" },
		{ "name": "Kota Padangpanjang" },
		{ "name": "Kota Pariaman" },
		{ "name": "Kota Payakumbuh" },
		{ "name": "Kota Sawahlunto" },
		{ "name": "Kota Solok" }
	]
},
{
	"name": "Sumatera Selatan",
	"cities": [
		{ "name": "Kabupaten Banyuasin" },
		{ "name": "Kabupaten Empat Lawang" },
		{ "name": "Kabupaten Lahat" },
		{ "name": "Kabupaten Muara Enim" },
		{ "name": "Kabupaten Musi Banyuasin" },
		{ "name": "Kabupaten Musi Rawas" },
		{ "name": "Kabupaten Ogan Ilir" },
		{ "name": "Kabupaten Ogan Komering Ilir" },
		{ "name": "Kabupaten Ogan Komering Ulu" },
		{ "name": "Kabupaten Ogan Komering Ulu Selatan" },
		{ "name": "Kabupaten Ogan Komering Ulu Timur" },
		{ "name": "Kota Lubuklinggau" },
		{ "name": "Kota Pagar Alam" },
		{ "name": "Kota Palembang" },
		{ "name": "Kota Prabumulih" }
	]
},
{
	"name": "Lampung",
	"cities": [
		{ "name": "Kabupaten Lampung Barat" },
		{ "name": "Kabupaten Lampung Selatan" },
		{ "name": "Kabupaten Lampung Tengah" },
		{ "name": "Kabupaten Lampung Timur" },
		{ "name": "Kabupaten Lampung Utara" },
		{ "name": "Kabupaten Mesuji" },
		{ "name": "Kabupaten Pesawaran" },
		{ "name": "Kabupaten Pringsewu" },
		{ "name": "Kabupaten Tanggamus" },
		{ "name": "Kabupaten Tulang Bawang" },
		{ "name": "Kabupaten Tulang Bawang Barat" },
		{ "name": "Kabupaten Way Kanan" },
		{ "name": "Kota Bandar Lampung" },
		{ "name": "Kota Metro" }
	]
},
{
	"name": "Kepulauan Bangka Belitung",
	"cities": [
		{ "name": "Kabupaten Bangka" },
		{ "name": "Kabupaten Bangka Barat" },
		{ "name": "Kabupaten Bangka Selatan" },
		{ "name": "Kabupaten Bangka Tengah" },
		{ "name": "Kabupaten Belitung" },
		{ "name": "Kabupaten Belitung Timur" },
		{ "name": "Kota Pangkal Pinang" }
	]
},
{
	"name": "Kepulauan Riau",
	"cities": [
		{ "name": "Kabupaten Bintan" },
		{ "name": "Kabupaten Karimun" },
		{ "name": "Kabupaten Kepulauan Anambas" },
		{ "name": "Kabupaten Lingga" },
		{ "name": "Kabupaten Natuna" },
		{ "name": "Kota Batam" },
		{ "name": "Kota Tanjung Pinang" }
	]
},
{
	"name": "Banten",
	"cities": [
		{ "name": "Kabupaten Tangerang" },
		{ "name": "Kabupaten Serang" },
		{ "name": "Kabupaten Lebak" },
		{ "name": "Kabupaten Pandeglang" },
		{ "name": "Kota Tangerang" },
		{ "name": "Kota Serang" },
		{ "name": "Kota Cilegon" },
		{ "name": "Kota Tangerang Selatan" }
	]
},
{
	"name": "Jawa Barat",
	"cities": [
		{ "name": "Kabupaten Bandung" },
		{ "name": "Kabupaten Bandung Barat" },
		{ "name": "Kabupaten Bekasi" },
		{ "name": "Kabupaten Bogor" },
		{ "name": "Kabupaten Ciamis" },
		{ "name": "Kabupaten Cianjur" },
		{ "name": "Kabupaten Cirebon" },
		{ "name": "Kabupaten Garut" },
		{ "name": "Kabupaten Indramayu" },
		{ "name": "Kabupaten Karawang" },
		{ "name": "Kabupaten Kuningan" },
		{ "name": "Kabupaten Majalengka" },
		{ "name": "Kabupaten Purwakarta" },
		{ "name": "Kabupaten Subang" },
		{ "name": "Kabupaten Sukabumi" },
		{ "name": "Kabupaten Sumedang" },
		{ "name": "Kabupaten Tasikmalaya" },
		{ "name": "Kota Bandung" },
		{ "name": "Kota Banjar" },
		{ "name": "Kota Bekasi" },
		{ "name": "Kota Bogor" },
		{ "name": "Kota Cimahi" },
		{ "name": "Kota Cirebon" },
		{ "name": "Kota Depok" },
		{ "name": "Kota Sukabumi" },
		{ "name": "Kota Tasikmalaya" }
	]
},
{
	"name": "DKI Jakarta",
	"cities": [
		{ "name": "Kepulauan Seribu" },
		{ "name": "Jakarta Barat" },
		{ "name": "Jakarta Pusat" },
		{ "name": "Jakarta Selatan" },
		{ "name": "Jakarta Timur" },
		{ "name": "Jakarta Utara" }
	]
},
{
	"name": "Jawa Tengah",
	"cities": [
		{ "name": "Kabupaten Banjarnegara" },
		{ "name": "Kabupaten Banyumas" },
		{ "name": "Kabupaten Batang" },
		{ "name": "Kabupaten Blora" },
		{ "name": "Kabupaten Boyolali" },
		{ "name": "Kabupaten Brebes" },
		{ "name": "Kabupaten Cilacap" },
		{ "name": "Kabupaten Demak" },
		{ "name": "Kabupaten Grobogan" },
		{ "name": "Kabupaten Jepara" },
		{ "name": "Kabupaten Karanganyar" },
		{ "name": "Kabupaten Kebumen" },
		{ "name": "Kabupaten Kendal" },
		{ "name": "Kabupaten Klaten" },
		{ "name": "Kabupaten Kudus" },
		{ "name": "Kabupaten Magelang" },
		{ "name": "Kabupaten Pati" },
		{ "name": "Kabupaten Pekalongan" },
		{ "name": "Kabupaten Pemalang" },
		{ "name": "Kabupaten Purbalingga" },
		{ "name": "Kabupaten Purworejo" },
		{ "name": "Kabupaten Rembang" },
		{ "name": "Kabupaten Semarang" },
		{ "name": "Kabupaten Sragen" },
		{ "name": "Kabupaten Sukoharjo" },
		{ "name": "Kabupaten Tegal" },
		{ "name": "Kabupaten Temanggung" },
		{ "name": "Kabupaten Wonogiri" },
		{ "name": "Kabupaten Wonosobo" },
		{ "name": "Kota Magelang" },
		{ "name": "Kota Pekalongan" },
		{ "name": "Kota Salatiga" },
		{ "name": "Kota Semarang" },
		{ "name": "Kota Surakarta" },
		{ "name": "Kota Tegal" }
	]
},
{
	"name": "Jawa Timur",
	"cities": [
		{ "name": "Kabupaten Bangkalan" },
		{ "name": "Kabupaten Banyuwangi" },
		{ "name": "Kabupaten Blitar" },
		{ "name": "Kabupaten Bojonegoro" },
		{ "name": "Kabupaten Bondowoso" },
		{ "name": "Kabupaten Gresik" },
		{ "name": "Kabupaten Jember" },
		{ "name": "Kabupaten Jombang" },
		{ "name": "Kabupaten Kediri" },
		{ "name": "Kabupaten Lamongan" },
		{ "name": "Kabupaten Lumajang" },
		{ "name": "Kabupaten Madiun" },
		{ "name": "Kabupaten Magetan" },
		{ "name": "Kabupaten Malang" },
		{ "name": "Kabupaten Mojokerto" },
		{ "name": "Kabupaten Nganjuk" },
		{ "name": "Kabupaten Ngawi" },
		{ "name": "Kabupaten Pacitan" },
		{ "name": "Kabupaten Pamekasan" },
		{ "name": "Kabupaten Pasuruan" },
		{ "name": "Kabupaten Ponorogo" },
		{ "name": "Kabupaten Probolinggo" },
		{ "name": "Kabupaten Sampang" },
		{ "name": "Kabupaten Sidoarjo" },
		{ "name": "Kabupaten Situbondo" },
		{ "name": "Kabupaten Sumenep" },
		{ "name": "Kabupaten Trenggalek" },
		{ "name": "Kabupaten Tuban" },
		{ "name": "Kabupaten Tulungagung" },
		{ "name": "Kota Batu" },
		{ "name": "Kota Blitar" },
		{ "name": "Kota Kediri" },
		{ "name": "Kota Madiun" },
		{ "name": "Kota Malang" },
		{ "name": "Kota Mojokerto" },
		{ "name": "Kota Pasuruan" },
		{ "name": "Kota Probolinggo" },
		{ "name": "Kota Surabaya" }
	]
},
{
	"name": "Daerah Istimewa Yogyakarta",
	"cities": [
		{ "name": "Kabupaten Bantul" },
		{ "name": "Kabupaten Gunung Kidul" },
		{ "name": "Kabupaten Kulon Progo" },
		{ "name": "Kabupaten Sleman" },
		{ "name": "Kota Yogyakarta" }
	]
},
{
	"name": "Bali",
	"cities": [
		{ "name": "Kabupaten Badung" },
		{ "name": "Kabupaten Bangli" },
		{ "name": "Kabupaten Buleleng" },
		{ "name": "Kabupaten Gianyar" },
		{ "name": "Kabupaten Jembrana" },
		{ "name": "Kabupaten Karangasem" },
		{ "name": "Kabupaten Klungkung" },
		{ "name": "Kabupaten Tabanan" },
		{ "name": "Kota Denpasar" }
	]
},
{
	"name": "Nusa Tenggara Barat",
	"cities": [
		{ "name": "Kabupaten Bima" },
		{ "name": "Kabupaten Dompu" },
		{ "name": "Kabupaten Lombok Barat" },
		{ "name": "Kabupaten Lombok Tengah" },
		{ "name": "Kabupaten Lombok Timur" },
		{ "name": "Kabupaten Lombok Utara" },
		{ "name": "Kabupaten Sumbawa" },
		{ "name": "Kabupaten Sumbawa Barat" },
		{ "name": "Kota Bima" },
		{ "name": "Kota Mataram" }
	]
},
{
	"name": "Nusa Tenggara Timur",
	"cities": [
		{ "name": "Kabupaten Alor" },
		{ "name": "Kabupaten Belu" },
		{ "name": "Kabupaten Ende" },
		{ "name": "Kabupaten Flores Timur" },
		{ "name": "Kabupaten Kupang" },
		{ "name": "Kabupaten Lembata" },
		{ "name": "Kabupaten Manggarai" },
		{ "name": "Kabupaten Manggarai Barat" },
		{ "name": "Kabupaten Manggarai Timur" },
		{ "name": "Kabupaten Ngada" },
		{ "name": "Kabupaten Nagekeo" },
		{ "name": "Kabupaten Rote Ndao" },
		{ "name": "Kabupaten Sabu Raijua" },
		{ "name": "Kabupaten Sikka" },
		{ "name": "Kabupaten Sumba Barat" },
		{ "name": "Kabupaten Sumba Barat Daya" },
		{ "name": "Kabupaten Sumba Tengah" },
		{ "name": "Kabupaten Sumba Timur" },
		{ "name": "Kabupaten Timor Tengah Selatan" },
		{ "name": "Kabupaten Timor Tengah Utara" },
		{ "name": "Kota Kupang" }
	]
},
{
	"name": "Kalimantan Barat",
	"cities": [	
		{ "name": "Kabupaten Bengkayang" },
		{ "name": "Kabupaten Kapuas Hulu" },
		{ "name": "Kabupaten Kayong Utara" },
		{ "name": "Kabupaten Ketapang" },
		{ "name": "Kabupaten Kubu Raya" },
		{ "name": "Kabupaten Landak" },
		{ "name": "Kabupaten Melawi" },
		{ "name": "Kabupaten Pontianak" },
		{ "name": "Kabupaten Sambas" },
		{ "name": "Kabupaten Sanggau" },
		{ "name": "Kabupaten Sekadau" },
		{ "name": "Kabupaten Sintang" },
		{ "name": "Kota Pontianak" },
		{ "name": "Kota Singkawang" }
	]
},
{
	"name": "Kalimantan Selatan",
	"cities":[
		{ "name": "Kabupaten Balangan" },
		{ "name": "Kabupaten Banjar" },
		{ "name": "Kabupaten Barito Kuala" },
		{ "name": "Kabupaten Hulu Sungai Selatan" },
		{ "name": "Kabupaten Hulu Sungai Tengah" },
		{ "name": "Kabupaten Hulu Sungai Utara" },
		{ "name": "Kabupaten Kotabaru" },
		{ "name": "Kabupaten Tabalong" },
		{ "name": "Kabupaten Tanah Bumbu" },
		{ "name": "Kabupaten Tanah Laut" },
		{ "name": "Kabupaten Tapin" },
		{ "name": "Kota Banjarbaru" },
		{ "name": "Kota Banjarmasin" }
	]
},
{
	"name": "Kalimantan Tengah",
	"cities": [
		{ "name": "Kabupaten Barito Selatan" },
		{ "name": "Kabupaten Barito Timur" },
		{ "name": "Kabupaten Barito Utara" },
		{ "name": "Kabupaten Gunung Mas" },
		{ "name": "Kabupaten Kapuas" },
		{ "name": "Kabupaten Katingan" },
		{ "name": "Kabupaten Kotawaringin Barat" },
		{ "name": "Kabupaten Kotawaringin Timur" },
		{ "name": "Kabupaten Lamandau" },
		{ "name": "Kabupaten Murung Raya" },
		{ "name": "Kabupaten Pulang Pisau" },
		{ "name": "Kabupaten Sukamara" },
		{ "name": "Kabupaten Seruyan" },
		{ "name": "Kota Palangka Raya" }
	]
},
{
	"name": "Kalimantan Timur",
	"cities": [
		{ "name": "Kabupaten Berau" },
		{ "name": "Kabupaten Bulungan" },
		{ "name": "Kabupaten Kutai Barat" },
		{ "name": "Kabupaten Kutai Kartanegara" },
		{ "name": "Kabupaten Kutai Timur" },
		{ "name": "Kabupaten Malinau" },
		{ "name": "Kabupaten Nunukan" },
		{ "name": "Kabupaten Paser" },
		{ "name": "Kabupaten Penajam Paser Utara" },
		{ "name": "Kabupaten Tana Tidung" },
		{ "name": "Kota Balikpapan" },
		{ "name": "Kota Bontang" },
		{ "name": "Kota Samarinda" },
		{ "name": "Kota Tarakan" }
	]
},
{
	"name": "Gorontalo",
	"cities": [	
		{ "name": "Kabupaten Boalemo" },
		{ "name": "Kabupaten Bone Bolango" },
		{ "name": "Kabupaten Gorontalo" },
		{ "name": "Kabupaten Gorontalo Utara" },
		{ "name": "Kabupaten Pohuwato" },
		{ "name": "Kota Gorontalo" }
	]
},
{
	"name": "Sulawesi Selatan",
	"cities": [	
		{ "name": "Kabupaten Bantaeng" },
		{ "name": "Kabupaten Barru" },
		{ "name": "Kabupaten Bone" },
		{ "name": "Kabupaten Bulukumba" },
		{ "name": "Kabupaten Enrekang" },
		{ "name": "Kabupaten Gowa" },
		{ "name": "Kabupaten Jeneponto" },
		{ "name": "Kabupaten Kepulauan Selayar" },
		{ "name": "Kabupaten Luwu" },
		{ "name": "Kabupaten Luwu Timur" },
		{ "name": "Kabupaten Luwu Utara" },
		{ "name": "Kabupaten Maros" },
		{ "name": "Kabupaten Pangkajene dan Kepulauan" },
		{ "name": "Kabupaten Pinrang" },
		{ "name": "Kabupaten Sidenreng Rappang" },
		{ "name": "Kabupaten Sinjai" },
		{ "name": "Kabupaten Soppeng" },
		{ "name": "Kabupaten Takalar" },
		{ "name": "Kabupaten Tana Toraja" },
		{ "name": "Kabupaten Toraja Utara" },
		{ "name": "Kabupaten Wajo" },
		{ "name": "Kota Makassar" },
		{ "name": "Kota Palopo" },
		{ "name": "Kota Parepare" }
	]
},
{
	"name": "Sulawesi Tenggara",
	"cities": [
		{ "name": "Kabupaten Bombana" },
		{ "name": "Kabupaten Buton" },
		{ "name": "Kabupaten Buton Utara" },
		{ "name": "Kabupaten Kolaka" },
		{ "name": "Kabupaten Kolaka Utara" },
		{ "name": "Kabupaten Konawe" },
		{ "name": "Kabupaten Konawe Selatan" },
		{ "name": "Kabupaten Konawe Utara" },
		{ "name": "Kabupaten Muna" },
		{ "name": "Kabupaten Wakatobi" },
		{ "name": "Kota Bau-Bau" },
		{ "name": "Kota Kendari" }
	]
},
{
	"name": "Sulawesi Tengah",
	"cities": [
		{ "name": "Kabupaten Banggai" },
		{ "name": "Kabupaten Banggai Kepulauan" },
		{ "name": "Kabupaten Buol" },
		{ "name": "Kabupaten Donggala" },
		{ "name": "Kabupaten Morowali" },
		{ "name": "Kabupaten Parigi Moutong" },
		{ "name": "Kabupaten Poso" },
		{ "name": "Kabupaten Tojo Una-Una" },
		{ "name": "Kabupaten Toli-Toli" },
		{ "name": "Kabupaten Sigi" },
		{ "name": "Kota Palu" }
	]
},
{
	"name": "Sulawesi Utara",
	"cities": [
		{ "name": "Kabupaten Bolaang Mongondow" },
		{ "name": "Kabupaten Bolaang Mongondow Selatan" },
		{ "name": "Kabupaten Bolaang Mongondow Timur" },
		{ "name": "Kabupaten Bolaang Mongondow Utara" },
		{ "name": "Kabupaten Kepulauan Sangihe" },
		{ "name": "Kabupaten Kepulauan Siau Tagulandang Biaro" },
		{ "name": "Kabupaten Kepulauan Talaud" },
		{ "name": "Kabupaten Minahasa" },
		{ "name": "Kabupaten Minahasa Selatan" },
		{ "name": "Kabupaten Minahasa Tenggara" },
		{ "name": "Kabupaten Minahasa Utara" },
		{ "name": "Kota Bitung" },
		{ "name": "Kota Kotamobagu" },
		{ "name": "Kota Manado" },
		{ "name": "Kota Tomohon" }
	]
},
{
	"name": "Sulawesi Barat",
	"cities": [
		{ "name": "Kabupaten Majene" },
		{ "name": "Kabupaten Mamasa" },
		{ "name": "Kabupaten Mamuju" },
		{ "name": "Kabupaten Mamuju Utara" },
		{ "name": "Kabupaten Polewali Mandar" }
	]
},
{
	"name": "Maluku",
	"cities": [ 
		{ "name": "Kabupaten Buru" },
		{ "name": "Kabupaten Buru Selatan" },
		{ "name": "Kabupaten Kepulauan Aru" },
		{ "name": "Kabupaten Maluku Barat Daya" },
		{ "name": "Kabupaten Maluku Tengah" },
		{ "name": "Kabupaten Maluku Tenggara" },
		{ "name": "Kabupaten Maluku Tenggara Barat" },
		{ "name": "Kabupaten Seram Bagian Barat" },
		{ "name": "Kabupaten Seram Bagian Timur" },
		{ "name": "Kota Ambon" },
		{ "name": "Kota Tual" }
	]
},
{
	"name": "Maluku Utara",
	"cities": [
		{ "name": "Kabupaten Halmahera Barat" },
		{ "name": "Kabupaten Halmahera Tengah" },
		{ "name": "Kabupaten Halmahera Utara" },
		{ "name": "Kabupaten Halmahera Selatan" },
		{ "name": "Kabupaten Kepulauan Sula" },
		{ "name": "Kabupaten Halmahera Timur" },
		{ "name": "Kabupaten Pulau Morotai" },
		{ "name": "Kota Ternate" },
		{ "name": "Kota Tidore Kepulauan" }
	]
},
{
	"name": "Papua",
	"cities": [
		{ "name": "Kabupaten Asmat" },
		{ "name": "Kabupaten Biak Numfor" },
		{ "name": "Kabupaten Boven Digoel" },
		{ "name": "Kabupaten Deiyai" },
		{ "name": "Kabupaten Dogiyai" },
		{ "name": "Kabupaten Intan Jaya" },
		{ "name": "Kabupaten Jayapura" },
		{ "name": "Kabupaten Jayawijaya" },
		{ "name": "Kabupaten Keerom" },
		{ "name": "Kabupaten Kepulauan Yapen" },
		{ "name": "Kabupaten Lanny Jaya" },
		{ "name": "Kabupaten Mamberamo Raya" },
		{ "name": "Kabupaten Mamberamo Tengah" },
		{ "name": "Kabupaten Mappi" },
		{ "name": "Kabupaten Merauke" },
		{ "name": "Kabupaten Mimika" },
		{ "name": "Kabupaten Nabire" },
		{ "name": "Kabupaten Nduga" },
		{ "name": "Kabupaten Paniai" },
		{ "name": "Kabupaten Pegunungan Bintang" },
		{ "name": "Kabupaten Puncak" },
		{ "name": "Kabupaten Puncak Jaya" },
		{ "name": "Kabupaten Sarmi" },
		{ "name": "Kabupaten Supiori" },
		{ "name": "Kabupaten Tolikara" },
		{ "name": "Kabupaten Waropen" },
		{ "name": "Kabupaten Yahukimo" },
		{ "name": "Kabupaten Yalimo" },
		{ "name": "Kota Jayapura" }
	]
},
{
 	"name": "Papua Barat",
	"cities": [
		{ "name": "Kabupaten Fakfak" },
		{ "name": "Kabupaten Kaimana" },
		{ "name": "Kabupaten Manokwari" },
		{ "name": "Kabupaten Maybrat" },
		{ "name": "Kabupaten Raja Ampat" },
		{ "name": "Kabupaten Sorong" },
		{ "name": "Kabupaten Sorong Selatan" },
		{ "name": "Kabupaten Tambrauw" },
		{ "name": "Kabupaten Teluk Bintuni" },
		{ "name": "Kabupaten Teluk Wondama" },
		{ "name": "Kota Sorong" }
	]
}]